,Raman Shift /cm$^{-1}$,Intensity /a.u.
0,353.138,-302.39389812964873
1,354.168,-216.96344611131644
2,355.198,-231.5329644583835
3,356.227,-315.10240227383474
4,357.257,-253.67168597043565
5,358.286,-284.24071108093267
6,359.314,-254.80934827826786
7,360.343,-168.37744037980156
8,361.372,-291.944805231582
9,362.4,-63.51124417865503
10,363.428,-83.07652995548779
11,364.456,-235.64042907245312
12,365.483,-110.20269989841836
13,366.511,-70.76307770949279
14,367.538,-53.32128698191809
15,368.565,-4.87704525715526
16,369.592,-26.43006485118167
17,370.618,1.019942397961131
18,371.645,68.47326724236336
19,372.671,137.93020043209253
20,373.697,397.39103258028626
21,374.723,397.8560540242215
22,375.748,630.3255543064079
23,376.774,850.7998221736561
24,377.799,1046.2791451121484
25,378.824,1398.7638089064676
26,379.849,1813.2540972486495
27,380.873,2356.7502910332078
28,381.898,2958.252667528155
29,382.922,3754.76149928799
30,383.946,4735.277052950714
31,384.97,5599.799587644804
32,385.994,6356.329353028192
33,387.017,7137.866587559216
34,388.04,7901.411516983571
35,389.063,8308.964352771221
36,390.086,8442.525290589329
37,391.109,8311.094509487135
38,392.131,7909.672171628834
39,393.153,7131.258422556435
40,394.175,6505.853391992616
41,395.197,5585.45719539755
42,396.219,4659.069935219693
43,397.24,4045.6917027366
44,398.261,3351.322579907697
45,399.282,2823.9626406010248
46,400.303,2438.6119519819913
47,401.324,1976.2705755681018
48,402.344,1770.9385679996303
49,403.364,1438.615981964318
50,404.384,1334.3028666080427
51,405.404,954.9992681994518
52,406.424,926.7052303386045
53,407.443,778.4207947155446
54,408.463,689.1460011669369
55,409.482,651.8808879726021
56,410.5,621.6254920340798
57,411.519,510.3798489491346
58,412.537,473.14399307228086
59,413.556,448.9179577372779
60,414.574,486.7017753315995
61,415.592,528.4954773448917
62,416.609,402.29909429340114
63,417.627,452.11265563639245
64,418.644,425.93619002854757
65,419.661,456.7697252203361
66,420.678,382.61328811036583
67,421.694,405.46690468369707
68,422.711,375.33060016018135
69,423.727,298.20439894873925
70,424.743,411.0883247076381
71,425.759,349.9824004987313
72,426.775,465.8866485617218
73,427.79,232.80109043635093
74,428.805,388.7257467305899
75,429.82,460.66063758682867
76,430.835,397.6057823700139
77,431.85,567.5611995237887
78,432.864,471.52690669658114
79,433.879,604.5029204017046
80,434.893,581.4892562094246
81,435.907,789.4859284810154
82,436.92,866.4929504147876
83,437.934,1008.5103336300854
84,438.947,1129.538088013287
85,439.96,1308.5762214337701
86,440.973,1526.62473950184
87,441.986,1789.6836452106654
88,442.998,1877.752938500169
89,444.01,2141.832615730891
90,445.023,2220.9226695078796
91,446.034,2269.0230881525167
92,447.046,2322.1338555443435
93,448.058,2312.254951024868
94,449.069,2337.386349291326
95,450.08,2303.528020416463
96,451.091,2192.6799297982543
97,452.102,2091.8420382276345
98,453.112,1848.0143021101867
99,454.123,1901.1966736678114
100,455.133,1592.3891014263718
101,456.143,1394.5915301093592
102,457.152,1298.8039012554873
103,458.162,1060.026153614297
104,459.171,829.2582233377143
105,460.18,729.5000444576326
106,461.189,665.7515493474275
107,462.198,626.0126689214776
108,463.207,437.2833327626686
109,464.215,373.56346920185024
110,465.223,328.8530056953132
111,466.231,298.1518689522163
112,467.239,91.45998502401198
113,468.247,175.77727936584415
114,469.254,176.10367724993557
115,470.261,174.43910359694928
116,471.268,59.78348297537741
117,472.275,59.136739604815375
118,473.282,68.49879758532188
119,474.288,-99.13041910133325
120,475.294,-28.75098661037555
121,476.3,2.637028617755277
122,477.306,-20.96643703980226
123,478.312,8.438552788811648
124,479.317,-122.14806346984187
125,480.322,-31.72634740606736
126,481.327,-55.29634863965839
127,482.332,-148.85811368122813
128,483.337,-71.4116836223584
129,484.341,-43.95708496655425
130,485.346,115.5056627810336
131,486.35,2.9765444230506546
132,487.353,-41.544455468862
133,488.357,114.94264767098139
134,489.361,-7.562157520398614
135,490.364,163.94111736413106
136,491.367,192.45246147278158
137,492.37,281.97186362588764
138,493.373,34.49931225887849
139,494.375,151.0347952432603
140,495.377,231.57830038155953
141,496.38,241.12981517424123
142,497.381,350.68932665863395
143,498.383,226.25682138980483
144,499.385,257.8322852214551
145,500.386,288.4157035547614
146,501.387,375.0070612752752
147,502.388,375.6063426917026
148,503.389,316.21353136275866
149,504.39,545.828610095934
150,505.39,566.4515610662893
151,506.39,557.0823653572406
152,507.39,691.7210029192975
153,508.39,917.3674525888018
154,509.389,876.0216918186379
155,510.389,1138.6836962269517
156,511.388,1346.353439679846
157,512.387,1415.0308937660593
158,513.386,1619.7160273816407
159,514.385,1902.4088065925716
160,515.383,1901.1091942254097
161,516.381,2217.8171493019036
162,517.379,2249.5326270415717
163,518.377,2431.2555782283052
164,519.375,2386.9859491469324
165,520.372,2461.7236812197843
166,521.369,2440.468711095211
167,522.367,2354.220970498114
168,523.363,2343.9803862724475
169,524.36,2264.746880553739
170,525.357,2182.52037078956
171,526.353,1858.3007698979964
172,527.349,1734.0879864321105
173,528.345,1641.881925228372
174,529.341,1291.6824876550745
175,530.336,1128.4895717967447
176,531.332,1024.303073154555
177,532.327,937.1228849726904
178,533.322,747.9488984467425
179,534.317,923.7810028980639
180,535.311,591.6190861521172
181,536.305,584.4630341868178
182,537.3,567.3127317968429
183,538.294,462.1680626079433
184,539.287,480.0289091112463
185,540.281,513.8951528735524
186,541.275,570.7666745016177
187,542.268,526.6433535744218
188,543.261,439.5250685294086
189,544.254,399.41169675073616
190,545.246,347.3031147435104
191,546.239,361.199198214028
192,547.231,544.0998221740047
193,548.223,472.0048609127589
194,549.215,403.91418763142065
195,550.207,359.8276745871335
196,551.198,467.7451932292133
197,552.19,404.6666142873146
198,553.181,404.591807555611
199,554.172,419.5206420189461
200,555.162,242.45298585298588
201,556.153,269.3887063943439
202,557.143,170.32767049471295
203,558.133,103.26974446700478
204,559.123,121.21479428348903
205,560.113,168.1626857099145
206,561.103,135.11328426959517
207,562.092,160.06645514952106
208,563.081,-6.9779367335213465
209,564.07,60.979973217112274
210,565.059,-51.05994971811015
211,566.048,9.90215961933427
212,567.036,92.86617139184091
213,568.024,126.83195574200363
214,569.013,136.7993826266793
215,570.0,139.7683217490594
216,570.988,85.73864253877036
217,571.976,146.7102141459036
218,572.963,164.6829055490707
219,573.95,187.65658543347308
220,574.937,86.63112215494766
221,575.924,110.60638369402659
222,576.91,79.58223785798691
223,577.897,320.5585522328802
224,578.883,269.5351942456073
225,579.869,139.51203068195537
226,580.854,84.48892778864683
227,581.84,66.46575153338563
228,582.825,63.4423677149025
229,583.811,52.418641999011015
230,584.796,119.39443992464294
231,585.781,4.3696269258871325
232,586.765,64.3440681980428
233,587.75,-47.68237107232926
234,588.734,69.29017417266368
235,589.718,25.261573663770832
236,590.702,-0.7683030068365042
237,591.686,132.2004137024851
238,592.669,-106.83240659132935
239,593.652,-106.8668945357349
240,594.635,-145.90317030862934
241,595.618,4.058656385055656
242,596.601,-58.98150986111068
243,597.584,65.9762355383391
244,598.566,42.93180294905687
245,599.548,39.88510260476323
246,600.53,97.83604465332246
247,601.512,47.784539162836154
248,602.494,49.730496005769965
249,603.475,-16.326175040976523
250,604.456,83.61443570004849
251,605.437,73.55223950626169
252,606.418,-4.5128525121253915
253,607.399,-125.58092939201379
254,608.379,21.347920271949988
255,609.36,-8.726379807922058
256,610.34,127.19609403797222
257,611.32,142.1152663344037
258,612.299,69.03106135175767
259,613.279,165.94340307619132
260,614.258,174.85221535581877
261,615.237,244.75742170685044
262,616.216,164.65894529580692
263,617.195,264.5567087997042
264,618.174,225.45063456626303
265,619.152,293.34064441410374
266,620.13,141.22665971094102
267,621.108,126.1086012378073
268,622.086,249.98638949329325
269,623.064,150.85994472376842
270,624.041,149.7291866756459
271,625.019,256.594034793623
272,625.996,275.45440822296223
273,626.972,192.31022559575285
274,627.949,155.16140499321045
275,628.926,235.00786411192166
276,629.902,237.84952033817535
277,630.878,202.6862905882699
278,631.854,156.51809130279435
279,632.83,255.34483851698678
280,633.806,329.16644795304455
281,634.781,97.98283482249099
282,635.756,138.79391367852804
283,636.731,193.59959887840523
284,637.706,143.39980450178336
285,638.681,167.19444424112953
286,639.655,138.9834315021144
287,640.629,17.766679356023815
288,641.603,103.54410059618385
289,642.577,59.315607980395725
290,643.551,100.08111405938325
291,644.525,25.84053126525032
292,645.498,81.59377182994649
293,646.471,131.3407479337584
294,647.444,91.08137159379112
295,648.417,188.81555456448768
296,649.389,88.54320841811568
297,650.362,115.26424434933506
298,651.334,23.97857337570531
299,652.306,90.68610628427268
300,653.278,177.3867538141276
301,654.25,149.08042652301083
302,655.221,186.76703461389116
303,656.192,77.44648799157949
304,657.163,3.1186961873754626
305,658.134,83.78356857768813
306,659.105,146.4410145327165
307,660.076,17.090943255094317
308,661.046,-21.2667363454093
309,662.016,59.367884606781445
310,662.986,159.9947170713931
311,663.956,98.61367188941585
312,664.925,27.22465958183966
313,665.895,6.827590472443262
314,666.864,-24.577625169433304
315,667.833,155.0089229118821
316,668.802,7.587147380672832
317,669.771,-12.843039408802724
318,670.739,-9.281725117449241
319,671.708,-2.728996147554426
320,672.676,11.81506200819058
321,673.644,10.350364124526095
322,674.611,142.8768249525856
323,675.579,145.39435922281336
324,676.546,22.902881379901373
325,677.514,100.40230557775794
326,678.481,145.89254592447105
327,679.447,253.3735163273377
328,680.414,232.84513040187085
329,681.38,172.30730125683476
330,682.347,-74.24005846468208
331,683.313,168.20296353580488
332,684.279,330.636286832294
333,685.244,89.05983066237968
334,686.21,104.47351360240646
335,687.175,-54.12274594940391
336,688.14,27.270970196219423
337,689.105,-38.34541446746516
338,690.07,102.02802349828198
339,691.035,12.39121129004343
340,691.999,-48.25592409965611
341,692.963,-16.913455703062937
342,693.928,-51.581451823352836
343,694.891,-89.2599791061948
344,695.855,-95.94909914228992
345,696.819,33.3511352251262
346,697.782,-61.35931944416734
347,698.745,-85.08050665709743
348,699.708,-18.81246390736851
349,700.671,24.444779649202246
350,701.633,-98.30880329960928
351,702.596,-12.073240114899818
352,703.558,-15.848548523506906
353,704.52,64.36525493090812
354,705.482,47.568155257835315
355,706.443,-20.23986266195425
356,707.405,34.94118595717009
357,708.366,-6.888712115658564
358,709.327,95.27042981880004
359,710.288,132.41859913489316
360,711.249,115.55578301643982
361,712.21,44.681968382436025
362,713.17,-24.20285807921755
363,714.13,-17.09870976996899
364,715.09,132.9944022806012
365,716.05,19.076468718583783
366,717.01,80.1474799240932
367,717.969,24.207426239110646
368,718.928,70.25629784530975
369,719.887,-52.705915124042804
370,720.846,36.320777323791845
371,721.805,-14.663629653263342
372,722.764,-189.65914096993583
373,723.722,-21.66576010390054
374,724.68,-46.68347194625676
375,725.638,-125.71225926489205
376,726.596,-23.752100252702803
377,727.553,-172.80296078278116
378,728.511,-59.864804400531284
379,729.468,-27.93757771665696
380,730.425,106.97877852484817
381,731.382,15.884326317867817
382,732.339,-17.22087255769293
383,733.295,-55.33675635368854
384,734.252,-138.4632616343406
385,735.208,-226.60031954087754
386,736.164,-97.74784764513242
387,737.12,-234.90574131211542
388,738.075,80.92611367244899
389,739.031,-81.25214545641211
390,739.986,66.55961837448194
391,740.941,64.36155020103251
392,741.896,-142.8462050739763
393,742.851,-56.06350267646485
394,743.805,205.70981616658173
395,744.759,29.47391572239576
396,745.714,-86.77104015320583
397,746.668,-88.02488766336683
398,747.621,-89.28745450767747
399,748.575,-102.55855975930899
400,749.528,-145.8380137412678
401,750.482,-97.12561672583251
402,751.435,-83.42115469316559
403,752.388,11.27559589487646
404,753.34,-81.035133248286
405,754.293,-147.3531104317699
406,755.245,-9.678096023268154
407,756.197,-11.009835949887929
408,757.149,28.65192480969199
409,758.101,67.30744235575912
410,759.053,-68.04302726869719
411,760.004,-177.39922815528917
412,760.955,-151.76089772742125
413,761.906,-9.127756023401162
414,762.857,-104.49950820895901
415,763.808,-52.87585855533325
416,764.759,-16.256501092815597
417,765.709,-89.64112466988081
418,766.659,-106.02941654188544
419,767.609,61.57894482064876
420,768.559,-11.815708661921235
421,769.509,37.78695480760507
422,770.458,-87.61273181565048
423,771.407,132.98556434787315
424,772.356,15.582184763767145
425,773.305,-69.82252936833902
426,774.254,3.7717631200139294
427,775.202,23.36541023989048
428,776.151,-59.041240005175496
429,777.099,55.55216034162004
430,778.047,62.14596502312634
431,778.995,232.74052767108515
432,779.942,140.3362017929394
433,780.89,279.93334043063805
434,781.837,346.53229634547097
435,782.784,403.1334217388612
436,783.731,164.73706811919328
437,784.678,507.34358618859187
438,785.624,547.9533263197372
439,786.571,703.5666378706374
440,787.517,811.1838691034063
441,788.463,1094.8053668730354
442,789.409,1151.4314764121664
443,790.355,1420.0625407638254
444,791.3,1809.6989006681615
445,792.245,2233.3408940252157
446,793.19,2762.988855115622
447,794.135,3507.64311375334
448,795.08,4516.303994226353
449,796.025,5472.971813807384
450,796.969,6636.64688073652
451,797.913,7926.329492307894
452,798.857,9136.019932542371
453,799.801,10485.71846960816
454,800.745,11432.425353401457
455,801.688,12418.140812847003
456,802.632,13043.865054004706
457,803.575,13089.59825809818
458,804.518,12712.340580263302
459,805.461,11856.09214945676
460,806.403,10962.853069210589
461,807.346,9478.623419344654
462,808.288,8060.403257753107
463,809.23,6643.192623372855
464,810.172,5614.991539020022
465,811.114,4591.80001422434
466,812.055,3879.6180472855667
467,812.996,3110.445627319874
468,813.938,2876.2827356842063
469,814.879,2538.1293475146376
470,815.819,2246.9854321946805
471,816.76,2103.8509540315645
472,817.701,2096.725872838553
473,818.641,2093.610144221224
474,819.581,2072.5037195916884
475,820.521,2259.4065461748396
476,821.461,2327.3185670505554
477,822.4,2388.2397207799368
478,823.34,2588.1699412694397
479,824.279,2871.109157649069
480,825.218,3050.057293872469
481,826.157,3584.0142681510697
482,827.095,4045.9799925961815
483,828.034,4430.9543721511
484,828.972,5003.937303667179
485,829.91,5427.928675133873
486,830.848,6112.928364532745
487,831.786,6826.936238989507
488,832.724,7434.952153404014
489,833.661,7915.975949022279
490,834.598,8170.00745222043
491,835.535,8379.04647354265
492,836.472,8482.092807193116
493,837.409,7856.146230617942
494,838.346,7203.206504299054
495,839.282,6253.27337300609
496,840.218,5242.34656710229
497,841.154,4313.425804444356
498,842.09,3468.5107924043186
499,843.026,2521.601229727359
500,843.961,1900.6968082216226
501,844.896,1569.797214652066
502,845.832,1109.9021319822532
503,846.766,984.0112400361504
504,847.701,601.1242164179348
505,848.636,490.2407367637752
506,849.57,348.3604755076158
507,850.505,168.48310610291446
508,851.439,148.60830130641625
509,852.372,-61.26426646208711
510,853.306,-236.1349250800231
511,854.24,-371.0039964209245
512,855.173,-483.8717792171228
513,856.106,-466.7385358425672
514,857.039,-576.604481251783
515,857.972,-699.4697846589224
516,858.905,-633.3345587709046
517,859.837,-442.1988477466257
518,860.769,-567.0626336781861
519,861.702,-438.92585532222074
520,862.634,-479.7883958632301
521,863.565,-460.6500954710136
522,864.497,-158.5107472961099
523,865.428,-247.37009934535672
524,866.36,-258.22788409157147
525,867.291,-111.0838097652886
526,868.222,-252.93755929071995
527,869.152,-105.78880470587319
528,870.083,-148.6371932608963
529,871.013,46.51763816138555
530,871.943,16.676067244559817
531,872.873,78.83847157918353
532,873.803,18.00522872248257
533,874.733,-84.82328392599084
534,875.662,2.353310997306835
535,876.592,-46.46460083140482
536,877.521,-64.27663374062104
537,878.45,138.91760249467552
538,879.378,111.11850439860791
539,880.307,96.32646821746312
540,881.235,129.54188997530218
541,882.164,136.76516550354427
542,883.092,280.99669037451895
543,884.02,169.23685988704528
544,884.947,102.48606877795464
545,885.875,359.74471144559357
546,886.802,487.01318208335215
547,887.73,591.2918741651338
548,888.657,695.5811801908239
549,889.583,861.8814914777286
550,890.51,1015.1931979519832
551,891.437,1238.5166878159762
552,892.363,1232.8523472417146
553,893.289,1318.200559924182
554,894.215,1267.5617070926455
555,895.141,1376.9361673399726
556,896.066,1292.3243167239089
557,896.992,1099.7265285483772
558,897.917,938.1431735326478
559,898.842,769.5746201965449
560,899.767,679.021235183609
561,900.692,356.48338359823174
562,901.617,379.9614291867656
563,902.541,243.4557349826173
564,903.465,212.9666632592889
565,904.389,-23.505424196624517
566,905.313,119.03983397554839
567,906.237,-2.3971985599855543
568,907.16,-6.81615837712161
569,908.084,17.78331818517472
570,909.007,-7.598404544089135
571,909.93,-35.96096227147427
572,910.853,68.69601004110154
573,911.775,-88.62711904411844
574,912.698,-75.92998110226836
575,913.62,-135.21219902303346
576,914.542,-115.47338825497354
577,915.464,-112.71315099584535
578,916.386,-188.9310781270142
579,917.308,-115.12674948395215
580,918.229,26.70027361308894
581,919.15,-151.44955887375545
582,920.071,-130.5757970357372
583,920.992,38.32202387792495
584,921.913,-91.75561858557558
585,922.834,-122.8082469556939
586,923.754,11.164625230172533
587,924.674,53.16349646982053
588,925.594,101.1888652387097
589,926.514,183.2412299059979
590,927.434,336.3210886384659
591,928.354,406.42893923642623
592,929.273,452.56527882756563
593,930.192,643.7306037267081
594,931.111,868.9254093435738
595,932.03,951.150189800439
596,932.949,1268.4054374817351
597,933.867,1335.6916428696059
598,934.785,1327.0092939093847
599,935.704,1359.3588758750084
600,936.622,1288.7408713864097
601,937.539,1281.1557603448055
602,938.457,1191.6040200739444
603,939.374,990.0861253352887
604,940.292,891.6025485071004
605,941.209,748.1537599874864
606,942.126,561.7402283913325
607,943.043,463.36242083721663
608,943.959,413.0208033202143
609,944.876,217.7158409086951
610,945.792,227.44799784499628
611,946.708,23.217737936043704
612,947.624,-58.97447546611875
613,948.54,94.87182094412128
614,949.455,82.75709625188028
615,950.37,36.68181935252869
616,951.286,133.64645897593437
617,952.201,43.65148377859441
618,953.116,233.69736214972727
619,954.03,-3.215437608771026
620,954.945,341.91355233759896
621,955.859,323.0848001384511
622,956.773,507.2987732595575
623,957.687,835.5559385205524
624,958.601,1106.856761726489
625,959.515,1211.2017070113034
626,960.428,1633.5912362952222
627,961.342,1974.0258090760763
628,962.255,2481.5058815845186
629,963.168,2812.0319061031587
630,964.081,3389.604329951617
631,964.993,3742.223594825453
632,965.906,4088.8901356410242
633,966.818,4143.604379830231
634,967.73,4552.366746647222
635,968.642,4453.177647058943
636,969.554,4430.037482927626
637,970.466,4106.946647209144
638,971.377,3727.905523999314
639,972.288,3016.9144891800606
640,973.199,2616.9739111775198
641,974.11,1991.0841523839954
642,975.021,1776.2455699578604
643,975.932,1436.4585170753053
644,976.842,1038.723343360034
645,977.752,913.0403955628644
646,978.662,587.4100183571609
647,979.572,510.83255459022985
648,980.482,607.3083459345726
649,981.392,596.8377330410294
650,982.301,613.4210553458324
651,983.21,822.0586510915527
652,984.119,987.7508572939405
653,985.028,1109.4980093246304
654,985.937,1210.3004405797801
655,986.845,1620.1584822365876
656,987.754,1987.0724630516524
657,988.662,2385.0427085412557
658,989.57,2550.069540247554
659,990.478,2727.153274942637
660,991.385,2904.2942242984536
661,992.293,2910.4926945326915
662,993.2,2965.7489860544556
663,994.108,2873.0633934518737
664,995.015,2755.436205381571
665,995.921,2557.8677047540514
666,996.828,2104.3581689689454
667,997.734,1800.907870310166
668,998.641,1595.5170768529133
669,999.547,1277.186053070578
670,1000.453,882.9150602455229
671,1001.359,814.704357105762
672,1002.264,604.5542006134783
673,1003.17,484.4648461014622
674,1004.075,443.4365476934072
675,1004.98,205.46955854408225
676,1005.885,115.56413092140428
677,1006.79,171.72051668234053
678,1007.695,193.93896745273014
679,1008.599,303.21973451495796
680,1009.503,47.56306876355302
681,1010.408,342.9692204866078
682,1011.312,67.43843987709624
683,1012.215,123.97097644206224
684,1013.119,13.567079553657095
685,1014.022,271.2269983361148
686,1014.926,150.95098188652992
687,1015.829,224.73927875953814
688,1016.732,180.5921372078883
689,1017.634,237.50980503485334
690,1018.537,444.4925296825204
691,1019.439,513.5405581179839
692,1020.342,579.6541364193617
693,1021.244,678.8335096377195
694,1022.146,948.0789216647972
695,1023.047,1100.3906150346884
696,1023.949,1165.7688303853502
697,1024.85,1474.2138061539554
698,1025.752,1702.7257784461544
699,1026.653,1901.304980419187
700,1027.554,1960.9516418248277
701,1028.454,2528.6659886122616
702,1029.355,2597.448242808783
703,1030.255,2877.298621384358
704,1031.156,2931.217336114056
705,1032.056,3097.2045930183667
706,1032.956,3064.2605922553303
707,1033.855,3156.3855277886105
708,1034.755,2898.5795874533433
709,1035.654,2774.8429527718945
710,1036.554,2744.1757994694817
711,1037.453,2461.578297721655
712,1038.351,2249.050612215633
713,1039.25,2168.5929027154707
714,1040.149,1916.2053244871277
715,1041.047,1641.8880284594052
716,1041.945,1578.6411617287085
717,1042.843,1274.4648681076724
718,1043.741,1179.3592882516496
719,1044.639,883.3245602670577
720,1045.537,850.3608199016162
721,1046.434,740.4682011363875
722,1047.331,623.6468362517298
723,1048.228,508.8968560470639
724,1049.125,522.218390074504
725,1050.022,410.6115668683924
726,1050.918,329.0765139186369
727,1051.815,167.61335789394798
728,1052.711,324.2222248048929
729,1053.607,296.90324032679564
730,1054.503,288.6565294865359
731,1055.398,235.48221671719875
732,1056.294,305.38042587458403
733,1057.189,208.35128034352965
734,1058.085,100.39490289812602
735,1058.98,242.51141589576218
736,1059.874,215.70094149303623
737,1060.769,135.9636013615418
738,1061.664,102.29951674148106
739,1062.558,118.70880860113903
740,1063.452,137.19159770421174
741,1064.346,-84.25199542303017
742,1065.24,-115.62185052868881
743,1066.134,-19.91783910417871
744,1067.027,-13.139821309996478
745,1067.921,33.71234464531517
746,1068.814,-8.361198159072956
747,1069.707,97.63969328860549
748,1070.6,54.71516281951335
749,1071.493,-76.13464593046228
750,1072.385,39.09041056514616
751,1073.277,25.390483293987927
752,1074.17,70.76572316555394
753,1075.062,96.21628103854528
754,1075.954,165.74230763014566
755,1076.845,161.34395346511155
756,1077.737,-4.97863126327502
757,1078.628,12.774703315604711
758,1079.519,38.60410756026977
759,1080.41,71.50973180369692
760,1081.301,58.49172630165776
761,1082.192,145.55024116690038
762,1083.082,265.6854263952082
763,1083.973,142.89743169127541
764,1084.863,390.18640622843304
765,1085.753,278.552498894227
766,1086.643,258.99585779582776
767,1087.533,481.51663048334376
768,1088.422,534.1149639888718
769,1089.312,676.7910043814991
770,1090.201,581.544896662097
771,1091.09,685.3767844779613
772,1091.979,785.2868103133151
773,1092.867,854.2751152816636
774,1093.756,1006.341838925935
775,1094.644,946.4871190805279
776,1095.533,970.7110915671583
777,1096.421,869.0138903145853
778,1097.308,1015.3956473101607
779,1098.196,815.8564928032101
780,1099.084,870.3965550122812
781,1099.971,818.0159605242407
782,1100.858,744.714834185168
783,1101.745,509.49329920511445
784,1102.632,587.3514773047063
785,1103.519,491.289489185594
786,1104.406,391.3074543747389
787,1105.292,515.4054914165354
788,1106.178,299.583718072754
789,1107.064,414.84225107437305
790,1107.95,416.1812065532031
791,1108.836,273.6006998113771
792,1109.722,383.1008453186878
793,1110.607,253.68175699773928
794,1111.492,376.3435480049302
795,1112.377,245.08633098932114
796,1113.262,496.910217847304
797,1114.147,503.81531998508945
798,1115.032,479.80174781507594
799,1115.916,359.86961074204737
800,1116.8,455.0190172111943
801,1117.684,386.2500749479841
802,1118.568,542.5628907678656
803,1119.452,594.9575707137919
804,1120.336,491.43421974362354
805,1121.219,416.9929416253108
806,1122.102,365.633839143924
807,1122.985,468.3570142505632
808,1123.868,548.162568165073
809,1124.751,535.0506011705911
810,1125.634,647.0212124539576
811,1126.516,815.0745001319083
812,1127.398,815.210561027161
813,1128.281,910.4294903323025
814,1129.163,804.731381609512
815,1130.044,1063.1163266001167
816,1130.926,1236.584415435991
817,1131.807,1312.1357361227856
818,1132.689,1486.7703741929872
819,1133.57,1597.4884125548233
820,1134.451,1950.289931143001
821,1135.332,2222.1750066972636
822,1136.212,2576.143712056779
823,1137.093,2835.196115616367
824,1137.973,3579.3322806185643
825,1138.853,4013.552264635524
826,1139.733,4521.856118080737
827,1140.613,5128.243883340601
828,1141.493,5690.715593757817
829,1142.372,6191.271272418595
830,1143.252,6808.910931027713
831,1144.131,7383.634568907408
832,1145.01,7796.442171762104
833,1145.889,8246.333710528961
834,1146.767,8446.309140552268
835,1147.646,8255.368400683656
836,1148.524,8202.51141288217
837,1149.402,7756.738082596119
838,1150.28,7647.048298868798
839,1151.158,7146.441935230025
840,1152.036,6709.918849915532
841,1152.914,6420.478886868183
842,1153.791,6102.121876611021
843,1154.668,5795.847636826158
844,1155.545,5574.655972991452
845,1156.422,5412.546678993069
846,1157.299,5713.519537567892
847,1158.175,5639.5743206277
848,1159.052,5672.710788657223
849,1159.928,5734.9286908620525
850,1160.804,5686.227765102343
851,1161.68,5674.607737768394
852,1162.556,5640.068323878066
853,1163.431,5174.60922710002
854,1164.307,5149.230139822801
855,1165.182,4545.930744085737
856,1166.057,4125.71071162969
857,1166.932,3743.569705103673
858,1167.807,3288.507378905302
859,1168.682,2760.5233799450652
860,1169.556,2601.6173485564505
861,1170.43,2143.7889195519274
862,1171.305,1835.0377225407246
863,1172.179,1682.3633828444945
864,1173.052,1616.7655221148125
865,1173.926,1160.243758638535
866,1174.799,1223.7977074689843
867,1175.673,1051.4269813389874
868,1176.546,1065.1311905337752
869,1177.419,1060.9099432357216
870,1178.292,835.7628454968981
871,1179.165,836.6895012475761
872,1180.037,651.6895127465104
873,1180.909,771.7624805790729
874,1181.782,489.90800402726745
875,1182.654,579.1256808295911
876,1183.525,610.4151077447277
877,1184.397,602.775880373134
878,1185.269,715.2075930944156
879,1186.14,679.7098390826286
880,1187.011,713.2822100814083
881,1187.882,659.9242964749828
882,1188.753,776.6356872210199
883,1189.624,633.415969957372
884,1190.495,544.2647307686129
885,1191.365,802.1815544725068
886,1192.235,698.1660247982982
887,1193.105,709.21772387089
888,1193.975,729.3362324188565
889,1194.845,727.5211297523165
890,1195.715,682.7719937227484
891,1196.584,747.088400726585
892,1197.454,769.469925794725
893,1198.323,818.9161424638805
894,1199.192,834.426622731833
895,1200.06,851.0009369585496
896,1200.929,1042.638653835158
897,1201.798,1020.3393403507871
898,1202.666,1297.1025614092687
899,1203.534,1371.927879873765
900,1204.402,1493.8148560132431
901,1205.27,1774.7630473528225
902,1206.138,1974.7720084300017
903,1207.005,2313.841290232769
904,1207.873,2435.9704397995556
905,1208.74,2511.1589995411377
906,1209.607,2937.406506996351
907,1210.474,3178.712494681713
908,1211.34,3352.0764892389307
909,1212.207,3363.498010952324
910,1213.073,3445.976573402051
911,1213.94,3631.5116834412947
912,1214.806,3474.102841031283
913,1215.672,3216.749538870212
914,1216.537,3135.451262708073
915,1217.403,2865.2074918613544
916,1218.268,2483.017699375643
917,1219.134,2155.8813525661026
918,1219.999,1979.7979137818547
919,1220.864,1741.7668410602528
920,1221.729,1551.78758847907
921,1222.593,1289.8596066325663
922,1223.458,1190.982343011423
923,1224.322,1013.1552425266309
924,1225.186,889.3777477072181
925,1226.05,835.6492990559054
926,1226.914,828.9693352966824
927,1227.778,681.3372934822255
928,1228.641,492.75260900727517
929,1229.505,510.21471590391593
930,1230.368,411.72304721875116
931,1231.231,563.2770349779676
932,1232.094,432.87611038430987
933,1232.957,418.51970351396085
934,1233.819,482.20724357735526
935,1234.682,344.9381589479053
936,1235.544,335.71187703462783
937,1236.406,338.52782455665147
938,1237.268,419.385427561705
939,1238.13,449.2841114204821
940,1238.991,443.22330066489303
941,1239.853,556.202418928282
942,1240.714,573.2208889575631
943,1241.575,705.278132387255
944,1242.436,561.3735697054508
945,1243.297,603.5066199896974
946,1244.158,791.6767011947923
947,1245.018,940.883230068539
948,1245.879,867.1256217754126
949,1246.739,848.4032895981436
950,1247.599,893.7156450852199
951,1248.459,1037.0620980883323
952,1249.318,1059.4420566717454
953,1250.178,983.8549268256356
954,1251.037,885.3001124212788
955,1251.897,775.7770153622514
956,1252.756,615.2850357815369
957,1253.615,551.8235722605823
958,1254.473,460.3920221502849
959,1255.332,325.98978169789916
960,1256.19,405.61624622989984
961,1257.049,264.2708104207886
962,1257.907,104.95286813383791
963,1258.765,79.66181270379093
964,1259.623,-78.60296274450593
965,1260.48,75.15793475450118
966,1261.338,-51.056094130548445
967,1262.195,-28.24564888131499
968,1263.052,-80.41132397596448
969,1263.909,26.44628887539875
970,1264.766,-163.67339415700917
971,1265.623,-212.7709569558574
972,1266.48,-78.84696736383194
973,1267.336,-153.90197237207394
974,1268.192,-110.93651124473035
975,1269.048,-31.95110816354645
976,1269.904,-208.94627643849162
977,1270.76,-183.92252624833782
978,1271.616,-124.88034729511128
979,1272.471,-254.82021125646133
980,1273.326,-190.74257757176383
981,1274.181,-128.64788070803115
982,1275.036,-235.5365364395002
983,1275.891,-107.40894793294865
984,1276.746,-192.26549527256066
985,1277.6,-140.10654801644705
986,1278.455,-79.93245688071693
987,1279.309,23.25644114896204
988,1280.163,-87.5401830797091
989,1281.017,-102.3226587655372
990,1281.871,83.90869347159605
991,1282.724,-103.84643696057901
992,1283.578,12.411639177847974
993,1284.431,61.68262130371659
994,1285.284,163.96620880904084
995,1286.137,171.2621009624745
996,1286.99,184.56999670475125
997,1287.842,402.8895946340999
998,1288.695,565.2205929796073
999,1289.547,575.5626891645661
1000,1290.399,570.9155794818325
1001,1291.251,558.2789590731481
1002,1292.103,594.6525219384421
1003,1292.955,554.0359609610823
1004,1293.806,572.4289678351452
1005,1294.658,580.8312331466404
1006,1295.509,634.2424463367315
1007,1296.36,445.66229568493145
1008,1297.211,568.0904682022701
1009,1298.062,461.526650008469
1010,1298.912,402.97052608707236
1011,1299.763,385.4217804985783
1012,1300.613,310.8800964975344
1013,1301.463,298.3451565676405
1014,1302.313,245.81664257085868
1015,1303.163,311.29423577246416
1016,1304.012,209.77761694610672
1017,1304.862,164.26646624284695
1018,1305.711,113.76046339418463
1019,1306.56,208.2592878030955
1020,1307.409,236.76261864503977
1021,1308.258,378.2701346789836
1022,1309.107,400.7815141903666
1023,1309.956,646.2964347081033
1024,1310.804,631.8145729595271
1025,1311.652,799.3356043793901
1026,1312.5,1144.8592031388216
1027,1313.348,1338.3850418102884
1028,1314.196,1697.9127906765352
1029,1315.044,2049.4421173435585
1030,1315.891,2474.972686021545
1031,1316.738,2999.5041568217966
1032,1317.586,3547.036184905679
1033,1318.433,3770.568419435567
1034,1319.279,4501.100502479778
1035,1320.126,5110.63206856549
1036,1320.973,5398.162743217672
1037,1321.819,5897.692141740037
1038,1322.665,6261.219868639968
1039,1323.511,6373.745516629457
1040,1324.357,6153.268665898053
1041,1325.203,6004.7888838878025
1042,1326.049,5641.305725734212
1043,1326.894,5165.818734563218
1044,1327.739,4671.327442218157
1045,1328.585,3925.831370210737
1046,1329.43,3304.3300307100108
1047,1330.274,2845.8229280333762
1048,1331.119,2327.309559889567
1049,1331.964,1796.789418295666
1050,1332.808,1420.2619906141408
1051,1333.652,1173.7267606138666
1052,1334.496,749.1832092231925
1053,1335.34,584.6308150230143
1054,1336.184,525.0690550958607
1055,1337.027,318.49740535499586
1056,1337.871,118.91534066356326
1057,1338.714,231.32233524772164
1058,1339.557,273.7178630958151
1059,1340.4,271.1013977335533
1060,1341.243,330.472412139221
1061,1342.086,474.8303787489058
1062,1342.928,469.1747693377474
1063,1343.771,548.505054731264
1064,1344.613,765.8207048166405
1065,1345.455,772.1211883840588
1066,1346.297,1006.405972692075
1067,1347.139,1241.6745234550108
1068,1347.98,1426.926304374385
1069,1348.822,1478.1607766683774
1070,1349.663,1805.3773987013265
1071,1350.504,2075.5756258812617
1072,1351.345,2184.7549100054493
1073,1352.186,2400.914698720011
1074,1353.026,2345.054435301561
1075,1353.867,2371.1735582248803
1076,1354.707,2387.271501274645
1077,1355.548,2360.347693493193
1078,1356.388,2060.4015591483294
1079,1357.227,1846.4325177871615
1080,1358.067,1801.4399848359972
1081,1358.907,1611.42337202829
1082,1359.746,1476.3820874946177
1083,1360.586,1065.3155361427016
1084,1361.425,979.2231199275047
1085,1362.264,911.1042386733716
1086,1363.102,1024.9582902462244
1087,1363.941,850.7846706897872
1088,1364.78,753.5827739978704
1089,1365.618,768.3519924627217
1090,1366.456,720.0917168694359
1091,1367.294,604.8013364664112
1092,1368.132,620.4802390618752
1093,1368.97,561.1278112544605
1094,1369.807,661.7434384018525
1095,1370.645,501.32650473948524
1096,1371.482,480.8763931793037
1097,1372.319,475.3924856306039
1098,1373.156,403.8741630409386
1099,1373.993,322.3208054070892
1100,1374.83,241.73179191808958
1101,1375.666,170.1065011183273
1102,1376.503,26.44431106873526
1103,1377.339,-82.25540050996642
1104,1378.175,-51.99325594993934
1105,1379.011,-205.76986952232983
1106,1379.847,-217.5858504029493
1107,1380.682,-233.44178760217255
1108,1381.518,-179.33824880697648
1109,1382.353,-368.2757788270428
1110,1383.188,-281.25490489691947
1111,1384.023,-469.2761181601418
1112,1384.858,-367.339882197266
1113,1385.693,-397.4466145997794
1114,1386.527,-412.5966969598703
1115,1387.362,-501.7904719199578
1116,1388.196,-434.02824168799634
1117,1389.03,-326.3102592964642
1118,1389.864,-378.6367352430825
1119,1390.698,-456.0078480471784
1120,1391.531,-457.4237391216775
1121,1392.365,-419.8845051907374
1122,1393.198,-355.39019815099164
1123,1394.031,-291.94082875040476
1124,1394.864,-306.53637290870756
1125,1395.697,-285.1767779354377
1126,1396.53,-213.86196109956654
1127,1397.362,-234.5918117227411
1128,1398.195,-233.36619816812527
1129,1399.027,-242.1849658088904
1130,1399.859,-223.04793714831976
1131,1400.691,-138.95491095556645
1132,1401.523,-186.9056641410898
1133,1402.355,-324.89995999778694
1134,1403.186,-185.93754350180825
1135,1404.017,-197.018127789117
1136,1404.849,-416.1414077738009
1137,1405.68,-207.3070590621719
1138,1406.511,-230.51471647868675
1139,1407.341,-395.76399453172417
1140,1408.172,-315.05448513921147
1141,1409.002,-384.38574143422375
1142,1409.833,-264.7572856745137
1143,1410.663,-169.16860244804047
1144,1411.493,-178.61915039655287
1145,1412.323,-145.10837158328286
1146,1413.152,-106.63569056679262
1147,1413.982,-154.2005176850107
1148,1414.811,-54.80225282557876
1149,1415.64,3.5597192354980507
1150,1416.469,102.88601909282079
1151,1417.298,236.17726733388554
1152,1418.127,297.4340843404134
1153,1418.956,500.6570900217812
1154,1419.784,508.846903692498
1155,1420.613,679.0041436657739
1156,1421.441,761.129427237127
1157,1422.269,1159.2233703440797
1158,1423.097,1255.2865874019153
1159,1423.924,1611.3196905074765
1160,1424.752,1879.3232892470442
1161,1425.579,2114.297989984272
1162,1426.407,2543.2443953241527
1163,1427.234,2854.163103643099
1164,1428.061,3144.0547082310295
1165,1428.887,3237.919796669539
1166,1429.714,3239.7589502521187
1167,1430.541,3369.572743796416
1168,1431.367,3130.361745640559
1169,1432.193,3175.1265173835454
1170,1433.019,3191.8676143636476
1171,1433.845,2930.585585568886
1172,1434.671,2774.280973603549
1173,1435.497,2898.954315210747
1174,1436.322,2702.6061415850454
1175,1437.147,2797.2369781230955
1176,1437.972,2811.8473448163422
1177,1438.797,2941.437756061765
1178,1439.622,3208.00872063265
1179,1440.447,3465.5607414193983
1180,1441.272,3682.0943148964107
1181,1442.096,3998.6099306069664
1182,1442.92,4454.108070730163
1183,1443.744,4736.5892094478695
1184,1444.568,5068.053812033737
1185,1445.392,5658.502334288245
1186,1446.216,6053.935221875774
1187,1447.039,6454.352909143705
1188,1447.863,6757.755818331556
1189,1448.686,7314.144358770143
1190,1449.509,7565.518926274788
1191,1450.332,7958.879902032517
1192,1451.155,8141.227652099318
1193,1451.977,8188.562526613423
1194,1452.8,8395.884859430611
1195,1453.622,8134.194968029558
1196,1454.444,8016.493153097166
1197,1455.266,7639.779699051964
1198,1456.088,7389.054874279496
1199,1456.91,6653.3189318857585
1200,1457.731,6163.572110198653
1201,1458.553,5738.814634239439
1202,1459.374,5046.046716702254
1203,1460.195,4536.268558803604
1204,1461.016,3930.480351667906
1205,1461.837,3419.682277347034
1206,1462.657,2901.8745100319175
1207,1463.478,2612.0572170741216
1208,1464.298,2278.230560021464
1209,1465.119,2044.3946951976468
1210,1465.939,1785.5497743699161
1211,1466.759,1639.6959452167503
1212,1467.578,1502.833351845533
1213,1468.398,1336.9621350842717
1214,1469.217,1204.08243275532
1215,1470.037,1064.1943800071022
1216,1470.856,965.2981095798932
1217,1471.675,841.393752085598
1218,1472.494,824.4814362055149
1219,1473.313,795.5612889381664
1220,1474.131,792.6334356331208
1221,1474.95,691.6980000488293
1222,1475.768,672.7551043584681
1223,1476.586,703.8048693518213
1224,1477.404,547.8474144731663
1225,1478.222,556.8828577591739
1226,1479.04,656.9113161508285
1227,1479.857,565.9329054753507
1228,1480.675,455.94774024614526
1229,1481.492,395.95593384475796
1230,1482.309,441.9575987408425
1231,1483.126,550.9528466121483
1232,1483.943,511.9417882525122
1233,1484.759,512.9245333538711
1234,1485.576,472.9011905842999
1235,1486.392,663.8718675860327
1236,1487.208,632.8366710555129
1237,1488.024,447.7957063614558
1238,1488.84,662.7490776069062
1239,1489.656,571.6968879993146
1240,1490.472,601.6392394206487
1241,1491.287,528.5762326094846
1242,1492.102,585.5079671011263
1243,1492.918,459.43454137371737
1244,1493.733,596.3560527344125
1245,1494.548,517.2725975714784
1246,1495.362,611.1842710804922
1247,1496.177,560.0911674224953
1248,1496.991,591.9933795361649
1249,1497.806,486.8909992399931
1250,1498.62,595.7841171684922
1251,1499.434,683.672822982393
1252,1500.248,447.55720515086796
1253,1501.061,484.43735077575184
1254,1501.875,441.3133460637473
1255,1502.688,490.1852762526905
1256,1503.501,470.0532256978022
1257,1504.315,428.9172777739441
1258,1505.128,359.77751491588606
1259,1505.94,341.63401870057714
1260,1506.753,336.48686998542325
1261,1507.566,481.3361489445779
1262,1508.378,345.18193507922115
1263,1509.19,386.024306927864
1264,1510.002,335.86334233865637
1265,1510.814,331.6991183877017
1266,1511.626,284.5317114793834
1267,1512.438,300.3611973546904
1268,1513.249,353.18765118555166
1269,1514.06,320.01114754318223
1270,1514.872,206.8317602924235
1271,1515.683,257.6495626580927
1272,1516.494,264.4646274513507
1273,1517.304,332.277026968075
1274,1518.115,211.08683297521202
1275,1518.925,292.8941165751621
1276,1519.736,263.698948448151
1277,1520.546,375.5013986886115
1278,1521.356,439.30153686359336
1279,1522.166,249.09943178913818
1280,1522.975,340.8951514026903
1281,1523.785,466.68876314348563
1282,1524.595,389.48033376897547
1283,1525.404,377.26992910324407
1284,1526.213,360.0576141914007
1285,1527.022,372.84345332403245
1286,1527.831,437.62751007162296
1287,1528.639,442.4098472589776
1288,1529.448,399.1905268356586
1289,1530.256,397.9696098664099
1290,1531.065,292.7471566175973
1291,1531.873,491.52322655965145
1292,1532.681,466.29787857751035
1293,1533.489,328.0711705730737
1294,1534.296,446.8431595156544
1295,1535.104,368.61390171842504
1296,1535.911,473.383452600885
1297,1536.718,475.15186684530454
1298,1537.526,503.91919818720635
1299,1538.333,559.6854994118094
1300,1539.139,528.4508222965032
1301,1539.946,583.2152174993062
1302,1540.753,510.97873462133066
1303,1541.559,577.7414220972732
1304,1542.365,733.5033273398803
1305,1543.171,707.2644966064163
1306,1543.977,687.0249746871395
1307,1544.783,713.7848049577879
1308,1545.589,871.5440294200507
1309,1546.394,849.3026886480511
1310,1547.199,827.0608214728254
1311,1548.005,835.8184650268122
1312,1548.81,901.5756547883338
1313,1549.615,807.332424564087
1314,1550.419,764.0888063576222
1315,1551.224,761.8448305578313
1316,1552.028,730.600526025426
1317,1552.833,673.3559200974378
1318,1553.637,664.1110386497039
1319,1554.441,517.8659062113566
1320,1555.245,600.6205459833163
1321,1556.049,567.374980130784
1322,1556.852,569.1292296177216
1323,1557.656,672.883314273331
1324,1558.459,561.6372527885633
1325,1559.262,607.39106250861
1326,1560.065,516.1447596553899
1327,1560.868,638.8983592360437
1328,1561.671,642.6518752254306
1329,1562.473,480.40532032060946
1330,1563.276,454.1587059333433
1331,1564.078,487.91204251457384
1332,1564.88,509.66533960693596
1333,1565.682,500.41860577724947
1334,1566.484,439.1718485729907
1335,1567.286,576.9250745408008
1336,1568.087,552.6782893489653
1337,1568.889,618.4314975119214
1338,1569.69,554.1847024387625
1339,1570.491,531.9379063017259
